<?xml version="1.0" encoding="ISO-8859-15"?>
<uc-export clientvers="11.2.0-dev+main.build.2327">
<DOCU name="PCK.AUTOMIC_CA_SDM.PUB.DOC">
<HEADER state="1">
<Title>Package documentation</Title>
<ArchiveKey1/>
<ArchiveKey2/>
<OH_SubType/>
</HEADER>
<DOCU_Docu state="1" type="text">
<DOC><![CDATA[About Automic's CA Service Desk Manager Package
================================
CA Service Management service desk capabilities streamline support operations by combining comprehensive support processes with a new, modern xFlow analyst experience.
Combined with a unified user experience that is focused on self-service, mobility, social media-based collaboration and advanced analytics, users can become better informed and work more naturally. Using this package, we can automate the following.

* Create ticket of different types. E.g. Incident,Problem,Request Change order or Issue.
* Change status
* Get ticket status
* Log comment on ticket

=Supported CA Service Desk Manager versions=
14.1.03

=Setup=
* This action pack supports Windows as well as UNIX Agent OS.
* Oracle JRE 1.7 or higher must be installed on Agent OS and "java" must be set as executable on the same.
* The Agent should be able to access CA Service Desk Manager rest api endpoint URL in order to make HTTP(s) requests.
* Connection details for Service Desk Manager should be known to the user.

=Variables=
PCK.AUTOMIC_CA_SDM.PUB.VARA.PACKAGE_PARAMETERS
* Connection timeout and read timeout parameter can be configured in this variable as per your environment. Value is defined in milliseconds. 0 means no timeout.

=Actions=
Following actions are supported for CA Service Desk Manager.

* Action Name:  PCK.AUTOMIC_CA_SDM.PUB.ACTION.GET_TICKET_STATUS 
* Action Description: This action is used to get the status of the ticket.

* Action Name:  PCK.AUTOMIC_CA_SDM.PUB.ACTION.CREATE_TICKET 
* Action Description: This action is used to create a ticket of type Incident,Problem,Request Change order or Issue

* Action Name:  PCK.AUTOMIC_CA_SDM.PUB.ACTION.LOG_COMMENT
* Action Description: This action is used to log comment in the ticket in Service Desk Manager.

* Action Name:  PCK.AUTOMIC_CA_SDM.PUB.ACTION.CHANGE_TICKET_STATUS
* Action Description: This action is used to change the status of the ticket.]]></DOC>
</DOCU_Docu>
</DOCU>
</uc-export>